record_id,citizen_id,year,income_declared,tax_paid
TXR0001,CZ01539,2024,11800000,1200868
TXR0002,CZ02820,2024,15300000,852892
TXR0003,CZ01018,2023,19800000,1756226
TXR0004,CZ01599,2024,9800000,915009
TXR0005,CZ01485,2024,17700000,1578805
TXR0006,CZ01077,2024,8100000,361984
TXR0007,CZ00832,2024,4600000,429558
TXR0008,CZ00972,2023,15300000,1405624
TXR0009,CZ00772,2024,3900000,367162
TXR0010,CZ02895,2024,8400000,798174
TXR0011,CZ02779,2023,5300000,169740
TXR0012,CZ02277,2023,8800000,813551
TXR0013,CZ02130,2023,13700000,1248665
TXR0014,CZ01912,2024,15400000,926891
TXR0015,CZ01088,2023,8000000,719744
TXR0016,CZ02680,2023,14100000,495083
TXR0017,CZ00482,2023,500000,51889
TXR0018,CZ01408,2024,10700000,1043101
TXR0019,CZ00693,2024,18400000,1648121
TXR0020,CZ02671,2024,4600000,219995
TXR0021,CZ02683,2024,17300000,1547918
TXR0022,CZ02530,2023,18500000,949808
TXR0023,CZ01211,2024,5600000,497631
TXR0024,CZ02748,2023,5800000,565262
TXR0025,CZ02418,2024,6200000,587561
TXR0026,CZ02004,2024,1000000,100025
TXR0027,CZ00324,2023,5800000,563698
TXR0028,CZ02344,2023,5800000,579869
TXR0029,CZ02025,2023,3000000,302658
TXR0030,CZ00121,2024,5800000,204032
TXR0031,CZ01587,2024,15900000,1655441
TXR0032,CZ02285,2023,4500000,410924
TXR0033,CZ01651,2024,19400000,757167
TXR0034,CZ01013,2024,12700000,597975
TXR0035,CZ01025,2024,1500000,70804
TXR0036,CZ00181,2024,14300000,1352394
TXR0037,CZ01640,2024,15900000,1423207
TXR0038,CZ01651,2023,5200000,511877
TXR0039,CZ00185,2023,2800000,286137
TXR0040,CZ02932,2024,9100000,884859
TXR0041,CZ00186,2023,4600000,445105
TXR0042,CZ00655,2023,8500000,847245
TXR0043,CZ02841,2024,14200000,1358976
TXR0044,CZ02704,2024,8100000,832518
TXR0045,CZ02827,2023,9900000,428328
TXR0046,CZ00592,2023,17700000,1765915
TXR0047,CZ01084,2023,5700000,553173
TXR0048,CZ01111,2023,6100000,287493
TXR0049,CZ00517,2024,13800000,1277449
TXR0050,CZ02399,2023,18700000,1075865
TXR0051,CZ01919,2023,11300000,995863
TXR0052,CZ02715,2023,11300000,1015395
TXR0053,CZ02990,2024,6100000,555409
TXR0054,CZ00867,2023,18000000,1793059
TXR0055,CZ00858,2023,15700000,1562987
TXR0056,CZ00267,2023,10400000,1042669
TXR0057,CZ01708,2023,8600000,470023
TXR0058,CZ02169,2024,17700000,1848694
TXR0059,CZ01480,2023,5900000,540214
TXR0060,CZ01809,2023,18100000,1736877
TXR0061,CZ00533,2024,16200000,511947
TXR0062,CZ01076,2024,14700000,1395462
TXR0063,CZ02391,2024,18300000,1884872
TXR0064,CZ02534,2024,16600000,1658279
TXR0065,CZ01863,2024,2100000,187633
TXR0066,CZ00627,2024,9200000,941945
TXR0067,CZ00500,2023,4600000,174420
TXR0068,CZ01152,2023,9700000,936908
TXR0069,CZ00970,2023,18300000,1920517
TXR0070,CZ01151,2024,18800000,1943084
TXR0071,CZ01186,2024,8200000,804398
TXR0072,CZ02795,2024,9300000,885644
TXR0073,CZ02516,2024,14300000,1325320
TXR0074,CZ00400,2023,9500000,864811
TXR0075,CZ01905,2023,15200000,734253
TXR0076,CZ01763,2023,8200000,496551
TXR0077,CZ02806,2023,10000000,301956
TXR0078,CZ00217,2024,9100000,804917
TXR0079,CZ02765,2024,19300000,1823470
TXR0080,CZ00745,2024,15400000,1441580
TXR0081,CZ00233,2023,19200000,638964
TXR0082,CZ00299,2023,18100000,1880865
TXR0083,CZ00110,2023,15900000,1530374
TXR0084,CZ02826,2023,19900000,1868418
TXR0085,CZ02060,2023,16800000,1561497
TXR0086,CZ01071,2024,19200000,1775590
TXR0087,CZ02825,2024,3500000,326198
TXR0088,CZ00618,2024,18200000,1671050
TXR0089,CZ00963,2023,4000000,203528
TXR0090,CZ02817,2024,800000,72154
TXR0091,CZ01152,2024,16400000,1461270
TXR0092,CZ02123,2024,6500000,312769
TXR0093,CZ00424,2024,1100000,100950
TXR0094,CZ02932,2024,15700000,1605069
TXR0095,CZ02755,2024,1500000,149746
TXR0096,CZ00079,2024,1600000,143897
TXR0097,CZ01922,2023,18900000,1942117
TXR0098,CZ00732,2023,11400000,1131729
TXR0099,CZ01198,2023,18600000,1662959
TXR0100,CZ00543,2024,7400000,671881
TXR0101,CZ01850,2023,5300000,472829
TXR0102,CZ01024,2023,15300000,589131
TXR0103,CZ00298,2024,16200000,1523915
TXR0104,CZ02528,2023,11300000,676056
TXR0105,CZ00951,2023,1900000,75370
TXR0106,CZ01198,2024,15100000,1583979
TXR0107,CZ02910,2024,10500000,1050899
TXR0108,CZ01295,2023,4700000,449047
TXR0109,CZ01400,2023,3300000,304623
TXR0110,CZ00235,2024,14600000,1327957
TXR0111,CZ02371,2024,800000,26426
TXR0112,CZ00498,2024,8900000,893038
TXR0113,CZ01298,2023,6300000,625401
TXR0114,CZ00994,2023,10300000,915834
TXR0115,CZ01292,2023,3700000,385695
TXR0116,CZ02839,2023,9500000,921225
TXR0117,CZ02216,2024,1600000,164416
TXR0118,CZ02706,2024,10100000,1046701
TXR0119,CZ02621,2024,4700000,483240
TXR0120,CZ01581,2023,6000000,595918
TXR0121,CZ00027,2024,18900000,1750221
TXR0122,CZ00263,2023,6800000,634601
TXR0123,CZ01186,2023,18200000,1783564
TXR0124,CZ00293,2024,4800000,439789
TXR0125,CZ02425,2023,14900000,1499295
TXR0126,CZ02867,2023,3400000,220568
TXR0127,CZ01148,2023,3200000,321102
TXR0128,CZ01383,2024,1000000,56620
TXR0129,CZ02223,2023,3000000,120675
TXR0130,CZ02205,2023,6200000,573253
TXR0131,CZ00617,2024,2700000,269874
TXR0132,CZ01162,2023,9500000,896954
TXR0133,CZ01432,2023,6800000,695209
TXR0134,CZ01997,2024,2100000,219752
TXR0135,CZ00594,2024,2300000,226226
TXR0136,CZ02511,2023,13000000,1242383
TXR0137,CZ01415,2023,2300000,236691
TXR0138,CZ01410,2024,900000,92759
TXR0139,CZ00319,2024,3900000,398363
TXR0140,CZ00144,2024,18100000,943048
TXR0141,CZ02134,2023,9000000,388687
TXR0142,CZ02059,2024,15200000,1359558
TXR0143,CZ01586,2024,2700000,271611
TXR0144,CZ02292,2024,12400000,1100935
TXR0145,CZ02617,2023,8400000,866499
TXR0146,CZ02421,2023,2200000,225820
TXR0147,CZ02472,2023,8700000,902636
TXR0148,CZ00268,2024,5300000,498693
TXR0149,CZ02278,2023,18900000,1917971
TXR0150,CZ02461,2023,1000000,95343
TXR0151,CZ00582,2024,6000000,597617
TXR0152,CZ01528,2024,15600000,1498626
TXR0153,CZ02101,2024,12700000,730033
TXR0154,CZ02569,2024,3300000,340122
TXR0155,CZ02674,2024,8600000,870826
TXR0156,CZ02634,2024,16500000,1063907
TXR0157,CZ01977,2023,12100000,1078344
TXR0158,CZ00401,2023,8800000,789787
TXR0159,CZ02803,2024,3400000,338582
TXR0160,CZ00618,2024,7400000,698833
TXR0161,CZ00413,2024,17700000,1830337
TXR0162,CZ02672,2023,16500000,1520342
TXR0163,CZ01876,2024,9600000,881454
TXR0164,CZ02362,2023,9800000,1005776
TXR0165,CZ01108,2023,16400000,1658413
TXR0166,CZ00174,2024,7200000,642716
TXR0167,CZ01308,2023,14700000,1361369
TXR0168,CZ00100,2024,10700000,1072763
TXR0169,CZ01271,2024,13000000,1231914
TXR0170,CZ00739,2023,10300000,915675
TXR0171,CZ00959,2023,14100000,1335144
TXR0172,CZ02380,2024,5500000,298156
TXR0173,CZ01890,2023,17300000,1623830
TXR0174,CZ01176,2023,6100000,554036
TXR0175,CZ01807,2023,2600000,263424
TXR0176,CZ02358,2024,300000,26935
TXR0177,CZ00690,2024,8400000,761360
TXR0178,CZ00395,2024,9100000,380537
TXR0179,CZ00645,2023,7400000,759798
TXR0180,CZ00208,2024,16700000,1516570
TXR0181,CZ01171,2023,6400000,597000
TXR0182,CZ01094,2023,10700000,1019290
TXR0183,CZ01351,2023,4300000,438788
TXR0184,CZ01407,2024,6900000,676475
TXR0185,CZ02606,2024,11900000,1215362
TXR0186,CZ02073,2023,2600000,254354
TXR0187,CZ02616,2024,18000000,1846074
TXR0188,CZ02506,2023,2000000,177020
TXR0189,CZ00930,2024,6600000,589567
TXR0190,CZ02514,2024,1200000,49110
TXR0191,CZ00791,2024,11400000,1012401
TXR0192,CZ02681,2024,12100000,1079797
TXR0193,CZ01129,2023,6800000,698144
TXR0194,CZ02659,2024,10400000,542786
TXR0195,CZ01189,2023,16700000,1564478
TXR0196,CZ02059,2024,12200000,1110123
TXR0197,CZ01985,2024,12200000,1163705
TXR0198,CZ01678,2023,1500000,148925
TXR0199,CZ01198,2024,12800000,530884
TXR0200,CZ01664,2023,13900000,1240184
TXR0201,CZ02359,2023,7700000,723867
TXR0202,CZ02688,2024,9400000,927427
TXR0203,CZ02792,2023,9800000,1000637
TXR0204,CZ02429,2024,18000000,1721158
TXR0205,CZ01201,2023,13300000,1180302
TXR0206,CZ00358,2023,2400000,236870
TXR0207,CZ01118,2023,1500000,144654
TXR0208,CZ01381,2024,13300000,628955
TXR0209,CZ01282,2023,18100000,1864414
TXR0210,CZ01441,2024,11900000,1092145
TXR0211,CZ00649,2023,15300000,1448960
TXR0212,CZ02714,2024,15600000,617800
TXR0213,CZ00758,2023,15900000,939155
TXR0214,CZ02014,2023,16700000,1707407
TXR0215,CZ00377,2024,10600000,1024533
TXR0216,CZ01073,2023,1300000,123196
TXR0217,CZ02690,2024,14600000,1330840
TXR0218,CZ02784,2024,7000000,221168
TXR0219,CZ01212,2024,4100000,379807
TXR0220,CZ02113,2023,17000000,1560210
TXR0221,CZ02761,2023,19300000,1834530
TXR0222,CZ00940,2024,1500000,93310
TXR0223,CZ02616,2023,8500000,873255
TXR0224,CZ01607,2024,12600000,1267374
TXR0225,CZ01503,2024,2500000,225258
TXR0226,CZ00935,2023,15200000,1360332
TXR0227,CZ00031,2024,17600000,1741807
TXR0228,CZ02798,2023,10400000,609863
TXR0229,CZ02965,2024,18700000,1920824
TXR0230,CZ01746,2023,3800000,346952
TXR0231,CZ02695,2024,5000000,447866
TXR0232,CZ02587,2024,7800000,761442
TXR0233,CZ01149,2024,2500000,108904
TXR0234,CZ01782,2024,12000000,1092915
TXR0235,CZ00441,2023,13500000,407814
TXR0236,CZ01041,2023,9300000,908250
TXR0237,CZ02857,2024,16700000,799073
TXR0238,CZ02638,2024,15000000,1465159
TXR0239,CZ01850,2024,12700000,1216021
TXR0240,CZ00424,2023,300000,26417
TXR0241,CZ01796,2024,2400000,250010
TXR0242,CZ02435,2023,16300000,1468739
TXR0243,CZ02556,2024,4300000,398391
TXR0244,CZ01571,2023,10400000,1021734
TXR0245,CZ01080,2024,4100000,403380
TXR0246,CZ00662,2024,2000000,187477
TXR0247,CZ01370,2024,14700000,1531350
TXR0248,CZ02012,2023,17000000,1576096
TXR0249,CZ01469,2024,12900000,1202881
TXR0250,CZ00464,2023,14900000,1380255
TXR0251,CZ00137,2024,8100000,349887
TXR0252,CZ00393,2024,8600000,864345
TXR0253,CZ01207,2023,10300000,959429
TXR0254,CZ01697,2023,8400000,524255
TXR0255,CZ00746,2024,1900000,189784
TXR0256,CZ02448,2024,7100000,659541
TXR0257,CZ01203,2024,16400000,1454183
TXR0258,CZ01152,2024,12900000,1259798
TXR0259,CZ02452,2023,16900000,566796
TXR0260,CZ02990,2023,9300000,828171
TXR0261,CZ01999,2023,2400000,228038
TXR0262,CZ00981,2024,3700000,367753
TXR0263,CZ01586,2023,6500000,659180
TXR0264,CZ00201,2024,8200000,734550
TXR0265,CZ01849,2023,18100000,1786126
TXR0266,CZ00600,2024,19900000,1791179
TXR0267,CZ00482,2023,15900000,1588231
TXR0268,CZ00018,2024,2200000,221057
TXR0269,CZ01066,2023,2500000,78646
TXR0270,CZ00288,2023,19900000,1886713
TXR0271,CZ01286,2023,16200000,908154
TXR0272,CZ00070,2024,2600000,86811
TXR0273,CZ00644,2024,19800000,1804570
TXR0274,CZ01267,2024,19800000,1939793
TXR0275,CZ00525,2024,4300000,405516
TXR0276,CZ01227,2024,18800000,1871626
TXR0277,CZ00200,2024,2500000,229472
TXR0278,CZ02520,2023,16400000,1562721
TXR0279,CZ02498,2023,19100000,1981286
TXR0280,CZ00589,2024,11300000,1013220
TXR0281,CZ01247,2024,10000000,1003451
TXR0282,CZ00772,2023,6900000,319425
TXR0283,CZ02856,2024,900000,90382
TXR0284,CZ02720,2024,1500000,45019
TXR0285,CZ00835,2024,8100000,773819
TXR0286,CZ00796,2023,14300000,563103
TXR0287,CZ01813,2024,11800000,630443
TXR0288,CZ02409,2023,19800000,1798900
TXR0289,CZ02394,2023,9200000,919876
TXR0290,CZ00252,2023,19300000,2023768
TXR0291,CZ01946,2023,15400000,1525494
TXR0292,CZ00592,2024,17100000,1584087
TXR0293,CZ02276,2024,19100000,1918452
TXR0294,CZ00176,2023,8600000,854822
TXR0295,CZ02812,2023,6500000,628656
TXR0296,CZ00779,2023,7700000,730918
TXR0297,CZ02115,2024,6900000,655994
TXR0298,CZ01536,2023,13000000,1303885
TXR0299,CZ01661,2024,18500000,1816720
TXR0300,CZ02323,2024,17000000,1762596
TXR0301,CZ01779,2024,4800000,194197
TXR0302,CZ00486,2023,6600000,637561
TXR0303,CZ01519,2024,12300000,523522
TXR0304,CZ00522,2024,9000000,805017
TXR0305,CZ02988,2023,4700000,153728
TXR0306,CZ01346,2024,17200000,1656365
TXR0307,CZ02276,2024,19300000,678386
TXR0308,CZ02176,2024,4800000,199958
TXR0309,CZ00531,2024,11500000,501670
TXR0310,CZ02214,2024,14400000,1384912
TXR0311,CZ00548,2024,17100000,1792219
TXR0312,CZ01177,2023,7500000,723596
TXR0313,CZ02306,2023,4600000,474859
TXR0314,CZ01841,2024,12400000,373632
TXR0315,CZ02983,2024,10700000,971315
TXR0316,CZ02243,2024,14200000,731073
TXR0317,CZ01193,2024,12100000,1120665
TXR0318,CZ01677,2023,8200000,852543
TXR0319,CZ01675,2023,13300000,1311547
TXR0320,CZ02912,2024,10300000,1007120
TXR0321,CZ02972,2024,13100000,1176927
TXR0322,CZ02714,2024,2500000,257300
TXR0323,CZ00345,2023,17000000,1645765
TXR0324,CZ00159,2023,14100000,1305887
TXR0325,CZ01172,2023,13000000,1212069
TXR0326,CZ00688,2023,7600000,797255
TXR0327,CZ00592,2023,18500000,1709202
TXR0328,CZ00034,2024,17600000,873082
TXR0329,CZ01666,2024,17400000,899872
TXR0330,CZ02089,2023,1900000,192750
TXR0331,CZ02866,2023,18300000,1863729
TXR0332,CZ01278,2023,3500000,335888
TXR0333,CZ01180,2024,16100000,1590807
TXR0334,CZ01670,2023,6300000,286300
TXR0335,CZ01849,2024,5800000,542304
TXR0336,CZ00545,2023,7000000,727185
TXR0337,CZ01345,2023,3700000,327028
TXR0338,CZ01661,2023,600000,54023
TXR0339,CZ00439,2024,8900000,817815
TXR0340,CZ02356,2023,6400000,624288
TXR0341,CZ00323,2024,14400000,769046
TXR0342,CZ01063,2024,700000,44144
TXR0343,CZ00438,2024,14600000,1454100
TXR0344,CZ02134,2023,3000000,269203
TXR0345,CZ02054,2023,12000000,1164315
TXR0346,CZ01677,2023,10000000,997034
TXR0347,CZ02171,2024,7800000,754777
TXR0348,CZ02354,2023,1500000,154087
TXR0349,CZ01019,2024,11700000,1181049
TXR0350,CZ00505,2023,13200000,1380415
TXR0351,CZ02437,2023,14000000,1360739
TXR0352,CZ01231,2023,4300000,445234
TXR0353,CZ00350,2023,4600000,144492
TXR0354,CZ00673,2024,5600000,520123
TXR0355,CZ02617,2024,5600000,258139
TXR0356,CZ01155,2024,9800000,905363
TXR0357,CZ00642,2024,16900000,1572691
TXR0358,CZ01850,2023,5800000,572356
TXR0359,CZ00821,2023,11100000,1127318
TXR0360,CZ02921,2024,4700000,480837
TXR0361,CZ02774,2023,11600000,568362
TXR0362,CZ02658,2023,900000,87105
TXR0363,CZ02697,2024,14800000,1444078
TXR0364,CZ02538,2023,8100000,735747
TXR0365,CZ02900,2024,3600000,232796
TXR0366,CZ02254,2024,9800000,992539
TXR0367,CZ02734,2024,4600000,441572
TXR0368,CZ00627,2023,16400000,1672787
TXR0369,CZ00029,2023,14600000,1423841
TXR0370,CZ01370,2023,9700000,1014213
TXR0371,CZ01612,2024,2100000,200674
TXR0372,CZ02589,2024,15900000,1617354
TXR0373,CZ01949,2023,13400000,1190754
TXR0374,CZ02655,2024,6700000,649866
TXR0375,CZ02809,2023,6400000,634786
TXR0376,CZ01805,2023,3300000,299224
TXR0377,CZ00639,2023,800000,70916
TXR0378,CZ02985,2024,10700000,969417
TXR0379,CZ01180,2023,4900000,463662
TXR0380,CZ01362,2024,14200000,1370693
TXR0381,CZ01652,2024,4000000,372539
TXR0382,CZ00436,2023,15300000,1417094
TXR0383,CZ00566,2023,18200000,1067145
TXR0384,CZ02350,2023,3000000,129989
TXR0385,CZ00602,2023,1100000,104514
TXR0386,CZ01662,2023,4100000,430078
TXR0387,CZ02376,2024,7200000,696240
TXR0388,CZ01050,2023,17700000,1645559
TXR0389,CZ00844,2023,2500000,233504
TXR0390,CZ02159,2024,14900000,1381121
TXR0391,CZ01893,2024,3500000,367494
TXR0392,CZ01872,2023,3900000,347327
TXR0393,CZ02068,2023,6900000,655215
TXR0394,CZ01700,2023,16700000,1565330
TXR0395,CZ02307,2024,4500000,420501
TXR0396,CZ00950,2023,17000000,1525836
TXR0397,CZ01245,2023,13100000,1338314
TXR0398,CZ02044,2023,1900000,170526
TXR0399,CZ01969,2024,13200000,1165530
TXR0400,CZ00428,2024,1300000,117076
TXR0401,CZ00672,2024,8000000,775561
TXR0402,CZ00019,2024,8100000,740359
TXR0403,CZ02305,2024,8300000,774895
TXR0404,CZ02849,2023,2200000,204639
TXR0405,CZ02900,2023,19000000,1209510
TXR0406,CZ02291,2024,2600000,236138
TXR0407,CZ00080,2023,2000000,184459
TXR0408,CZ00857,2024,13000000,1333792
TXR0409,CZ00759,2024,18200000,1031975
TXR0410,CZ01653,2024,18300000,1769831
TXR0411,CZ01635,2024,1600000,154471
TXR0412,CZ00433,2023,1600000,159771
TXR0413,CZ01483,2024,12400000,1152339
TXR0414,CZ02041,2024,19600000,1818200
TXR0415,CZ02393,2023,9600000,943474
TXR0416,CZ00483,2024,11800000,451531
TXR0417,CZ01376,2024,5800000,537047
TXR0418,CZ00174,2023,17900000,1661139
TXR0419,CZ01087,2024,2200000,210913
TXR0420,CZ01140,2024,19300000,1731820
TXR0421,CZ02274,2024,4600000,455564
TXR0422,CZ02925,2024,1000000,96593
TXR0423,CZ01788,2023,16100000,1480200
TXR0424,CZ01032,2023,15900000,1488989
TXR0425,CZ00306,2023,600000,33395
TXR0426,CZ02457,2024,8800000,825282
TXR0427,CZ02933,2024,11200000,1144978
TXR0428,CZ01700,2024,1600000,146842
TXR0429,CZ01799,2024,8200000,755936
TXR0430,CZ02359,2023,15700000,1456358
TXR0431,CZ01630,2024,9300000,909653
TXR0432,CZ01139,2023,13000000,807752
TXR0433,CZ02485,2023,3500000,158687
TXR0434,CZ02181,2024,14100000,738445
TXR0435,CZ01359,2023,8900000,362717
TXR0436,CZ02074,2024,12600000,1233900
TXR0437,CZ02150,2023,11100000,1028033
TXR0438,CZ01453,2023,14900000,1514275
TXR0439,CZ01991,2023,15800000,1626601
TXR0440,CZ00090,2024,700000,72485
TXR0441,CZ01484,2024,17700000,1686857
TXR0442,CZ01036,2023,15000000,1335744
TXR0443,CZ02737,2023,17600000,1718608
TXR0444,CZ00159,2023,6400000,587333
TXR0445,CZ02764,2024,13700000,1378537
TXR0446,CZ00451,2023,5600000,528333
TXR0447,CZ00577,2024,1900000,196227
TXR0448,CZ00607,2024,9000000,865871
TXR0449,CZ00665,2023,15700000,1462820
TXR0450,CZ02101,2023,16400000,1706232
TXR0451,CZ00209,2024,14200000,1399153
TXR0452,CZ01401,2023,20000000,832284
TXR0453,CZ01321,2024,11100000,996976
TXR0454,CZ00644,2023,3400000,354687
TXR0455,CZ01774,2024,3100000,294549
TXR0456,CZ02032,2023,19900000,1817336
TXR0457,CZ01557,2023,5600000,524554
TXR0458,CZ02712,2023,4100000,375254
TXR0459,CZ01125,2024,5800000,536846
TXR0460,CZ02464,2024,11500000,349313
TXR0461,CZ01758,2023,10600000,1002157
TXR0462,CZ02724,2024,11900000,1184942
TXR0463,CZ01080,2023,1800000,170126
TXR0464,CZ02780,2024,4300000,440761
TXR0465,CZ01226,2024,12000000,1202385
TXR0466,CZ00010,2023,15800000,1557208
TXR0467,CZ02434,2024,20000000,1929943
TXR0468,CZ01272,2023,11800000,464185
TXR0469,CZ00402,2024,2800000,269630
TXR0470,CZ01503,2024,11800000,730325
TXR0471,CZ02177,2024,1400000,143492
TXR0472,CZ00750,2024,7100000,409211
TXR0473,CZ02372,2023,18200000,1747999
TXR0474,CZ01191,2024,11600000,1214706
TXR0475,CZ00301,2023,2800000,273248
TXR0476,CZ00651,2024,12100000,1199423
TXR0477,CZ00034,2023,17200000,590190
TXR0478,CZ01009,2023,5200000,289896
TXR0479,CZ02310,2024,15400000,1613220
TXR0480,CZ02092,2023,14900000,1552632
TXR0481,CZ00844,2024,12500000,719829
TXR0482,CZ02813,2024,5000000,513025
TXR0483,CZ01300,2024,12600000,1136465
TXR0484,CZ02537,2023,4400000,186126
TXR0485,CZ01494,2023,17100000,1023261
TXR0486,CZ02603,2024,2400000,213467
TXR0487,CZ01003,2023,11200000,1057722
TXR0488,CZ00911,2024,2500000,251026
TXR0489,CZ01005,2024,13000000,1328437
TXR0490,CZ00028,2024,17000000,1524115
TXR0491,CZ02271,2023,1700000,169891
TXR0492,CZ02037,2024,14300000,1374593
TXR0493,CZ01549,2023,2100000,203106
TXR0494,CZ02611,2023,12600000,1254282
TXR0495,CZ01271,2024,400000,35301
TXR0496,CZ01164,2023,5400000,500023
TXR0497,CZ00442,2023,7500000,673780
TXR0498,CZ02083,2024,14600000,1472534
TXR0499,CZ02490,2023,14900000,796748
TXR0500,CZ00857,2023,6200000,297229
TXR0501,CZ01934,2023,6800000,679852
TXR0502,CZ02342,2024,8800000,826775
TXR0503,CZ01043,2024,16300000,1560377
TXR0504,CZ01176,2023,2900000,263568
TXR0505,CZ00503,2024,19700000,778380
TXR0506,CZ00995,2024,8000000,742135
TXR0507,CZ01586,2024,700000,67768
TXR0508,CZ01453,2023,400000,24255
TXR0509,CZ01865,2023,7900000,698524
TXR0510,CZ02355,2024,1000000,91296
TXR0511,CZ00010,2023,6500000,670718
TXR0512,CZ02355,2024,10700000,1102690
TXR0513,CZ00606,2023,18700000,1880128
TXR0514,CZ00124,2023,13300000,1180308
TXR0515,CZ02977,2023,10100000,991831
TXR0516,CZ02275,2023,12600000,1171684
TXR0517,CZ01428,2024,12800000,1149852
TXR0518,CZ01620,2024,13700000,1419854
TXR0519,CZ02149,2024,7300000,745282
TXR0520,CZ01023,2024,10200000,622569
TXR0521,CZ01620,2024,12600000,1260823
TXR0522,CZ00372,2024,2200000,219499
TXR0523,CZ01790,2024,18500000,684667
TXR0524,CZ01293,2024,15800000,1642208
TXR0525,CZ02879,2024,2000000,123823
TXR0526,CZ01286,2024,17000000,1724729
TXR0527,CZ00723,2024,9100000,837416
TXR0528,CZ02633,2023,18200000,1891292
TXR0529,CZ02146,2024,6100000,620260
TXR0530,CZ02680,2024,19600000,1801093
TXR0531,CZ01685,2023,5000000,522114
TXR0532,CZ00019,2023,5300000,535804
TXR0533,CZ01101,2023,19500000,1781205
TXR0534,CZ02271,2024,5500000,210725
TXR0535,CZ02703,2023,15700000,861812
TXR0536,CZ00046,2024,10700000,1013466
TXR0537,CZ02343,2023,12900000,1245609
TXR0538,CZ00425,2023,10000000,372975
TXR0539,CZ00323,2023,19500000,1750764
TXR0540,CZ02227,2024,19400000,1822270
TXR0541,CZ01956,2024,19500000,1738445
TXR0542,CZ01767,2023,11000000,1019071
TXR0543,CZ00242,2023,7700000,767160
TXR0544,CZ02722,2023,10100000,1053853
TXR0545,CZ02463,2024,5200000,181574
TXR0546,CZ01249,2024,6300000,625916
TXR0547,CZ01460,2023,12900000,745131
TXR0548,CZ00113,2024,3400000,318404
TXR0549,CZ02059,2023,7000000,668707
TXR0550,CZ00848,2023,18900000,1794305
TXR0551,CZ01508,2023,15800000,1616238
TXR0552,CZ00378,2023,3900000,211334
TXR0553,CZ00820,2023,19000000,1852431
TXR0554,CZ00446,2024,8400000,810066
TXR0555,CZ02649,2023,14400000,730325
TXR0556,CZ01799,2023,4400000,437486
TXR0557,CZ02755,2023,15600000,799201
TXR0558,CZ01360,2023,4400000,415490
TXR0559,CZ00327,2024,10400000,605625
TXR0560,CZ00029,2023,1500000,48199
TXR0561,CZ02350,2023,14700000,666968
TXR0562,CZ02899,2023,14800000,1509061
TXR0563,CZ01808,2023,18300000,1623389
TXR0564,CZ02304,2024,11800000,1066957
TXR0565,CZ02079,2023,12200000,1268121
TXR0566,CZ01833,2023,14400000,1311848
TXR0567,CZ00139,2023,17200000,757484
TXR0568,CZ02077,2024,16200000,1631253
TXR0569,CZ00342,2023,6300000,648095
TXR0570,CZ02360,2023,11300000,1154361
TXR0571,CZ02480,2023,500000,49547
TXR0572,CZ01044,2024,9200000,894999
TXR0573,CZ01322,2024,13500000,1243912
TXR0574,CZ00575,2023,11700000,1046487
TXR0575,CZ01603,2023,17100000,1678821
TXR0576,CZ01405,2023,3800000,359969
TXR0577,CZ01241,2024,15000000,1353458
TXR0578,CZ01209,2024,5100000,529624
TXR0579,CZ02212,2023,2000000,206211
TXR0580,CZ02526,2024,6500000,603843
TXR0581,CZ00808,2023,9100000,806047
TXR0582,CZ00446,2023,2300000,236116
TXR0583,CZ00750,2024,13300000,1174191
TXR0584,CZ02212,2024,3200000,327798
TXR0585,CZ00328,2024,18500000,1897420
TXR0586,CZ02641,2024,17100000,1754541
TXR0587,CZ02111,2023,19600000,1861058
TXR0588,CZ00090,2024,2700000,268832
TXR0589,CZ02684,2024,12200000,1267376
TXR0590,CZ02192,2024,16400000,1590116
TXR0591,CZ00035,2023,13800000,896267
TXR0592,CZ01155,2024,10500000,1068529
TXR0593,CZ01862,2023,6200000,625913
TXR0594,CZ00743,2024,8900000,861563
TXR0595,CZ01207,2024,4000000,390702
TXR0596,CZ00515,2023,1000000,102106
TXR0597,CZ00912,2024,17800000,1792028
TXR0598,CZ01566,2024,6500000,655845
TXR0599,CZ00591,2024,13200000,1299328
TXR0600,CZ01643,2024,2200000,226448
TXR0601,CZ01619,2024,10000000,927737
TXR0602,CZ01083,2024,12400000,511105
TXR0603,CZ01016,2024,8100000,736032
TXR0604,CZ01559,2024,8800000,880764
TXR0605,CZ02911,2024,8100000,777860
TXR0606,CZ01366,2023,8000000,414469
TXR0607,CZ01755,2023,5800000,562151
TXR0608,CZ02543,2024,19800000,885906
TXR0609,CZ00284,2024,7300000,710890
TXR0610,CZ00190,2023,18600000,1936370
TXR0611,CZ02537,2023,3500000,313278
TXR0612,CZ02808,2023,10400000,935077
TXR0613,CZ01151,2023,17200000,1630187
TXR0614,CZ00233,2023,3500000,308804
TXR0615,CZ00888,2024,17500000,1710203
TXR0616,CZ02069,2023,14800000,1402477
TXR0617,CZ00129,2024,6900000,680033
TXR0618,CZ02236,2023,5100000,254032
TXR0619,CZ00196,2023,10700000,1085610
TXR0620,CZ01017,2024,15500000,1593736
TXR0621,CZ01681,2023,3200000,321486
TXR0622,CZ01710,2023,800000,78348
TXR0623,CZ01926,2024,15600000,1610532
TXR0624,CZ01445,2023,14000000,1413064
TXR0625,CZ00139,2024,10600000,370739
TXR0626,CZ02754,2024,11100000,1111394
TXR0627,CZ01880,2023,7200000,682916
TXR0628,CZ02902,2024,2400000,224681
TXR0629,CZ02923,2023,1700000,54424
TXR0630,CZ01045,2023,11700000,1085994
TXR0631,CZ00577,2023,17300000,1805877
TXR0632,CZ01708,2024,19900000,892008
TXR0633,CZ02428,2024,8600000,817973
TXR0634,CZ01540,2024,18100000,1820297
TXR0635,CZ02751,2024,4500000,217374
TXR0636,CZ01547,2023,14700000,1412714
TXR0637,CZ02254,2024,12400000,1207312
TXR0638,CZ02233,2024,600000,58102
TXR0639,CZ02891,2024,11200000,409395
TXR0640,CZ00635,2023,15300000,1400654
TXR0641,CZ01518,2023,3300000,327685
TXR0642,CZ01804,2024,12700000,1188803
TXR0643,CZ00928,2024,9000000,812542
TXR0644,CZ01010,2023,4700000,472924
TXR0645,CZ01241,2024,12000000,587024
TXR0646,CZ00853,2024,10700000,958950
TXR0647,CZ01790,2023,19300000,1737992
TXR0648,CZ00653,2023,11500000,1037024
TXR0649,CZ00267,2023,8900000,846265
TXR0650,CZ00572,2023,7000000,618478
TXR0651,CZ00824,2024,2500000,232432
TXR0652,CZ00931,2024,7100000,403746
TXR0653,CZ02093,2023,9700000,950499
TXR0654,CZ00502,2023,9300000,863441
TXR0655,CZ00943,2024,2100000,218891
TXR0656,CZ02470,2023,14300000,1488841
TXR0657,CZ01933,2024,12300000,1165689
TXR0658,CZ02304,2023,19800000,1919580
TXR0659,CZ00616,2024,8700000,780214
TXR0660,CZ00048,2024,18600000,1898537
TXR0661,CZ00647,2023,7400000,667045
TXR0662,CZ02253,2024,13800000,1309057
TXR0663,CZ02067,2024,9900000,958441
TXR0664,CZ02417,2024,11000000,986481
TXR0665,CZ03000,2023,5800000,552420
TXR0666,CZ01915,2024,1400000,125908
TXR0667,CZ00150,2023,1300000,117494
TXR0668,CZ02524,2023,11900000,1107234
TXR0669,CZ02111,2024,10300000,970813
TXR0670,CZ01310,2024,17200000,1550924
TXR0671,CZ02816,2024,8800000,923827
TXR0672,CZ02205,2023,11100000,1021677
TXR0673,CZ00724,2023,1900000,185716
TXR0674,CZ01031,2023,15500000,1579051
TXR0675,CZ00556,2023,13300000,1308385
TXR0676,CZ02156,2024,5100000,457329
TXR0677,CZ01066,2024,800000,79345
TXR0678,CZ00801,2023,3600000,335332
TXR0679,CZ01427,2023,1100000,99886
TXR0680,CZ00823,2024,2300000,202944
TXR0681,CZ02776,2024,12800000,1179527
TXR0682,CZ01224,2023,9500000,846994
TXR0683,CZ01264,2023,10200000,950738
TXR0684,CZ01815,2023,15800000,1646955
TXR0685,CZ02050,2023,8800000,842821
TXR0686,CZ00029,2023,3700000,332302
TXR0687,CZ02381,2024,9900000,887353
TXR0688,CZ01490,2023,17600000,1632015
TXR0689,CZ01002,2024,19500000,2009640
TXR0690,CZ01948,2024,1100000,106044
TXR0691,CZ02581,2024,14800000,1339484
TXR0692,CZ01569,2024,2300000,235671
TXR0693,CZ02906,2023,2100000,207936
TXR0694,CZ01280,2024,17900000,1027859
TXR0695,CZ01056,2023,15600000,1501238
TXR0696,CZ00548,2024,11500000,1031535
TXR0697,CZ00247,2023,7200000,220999
TXR0698,CZ01468,2024,16000000,1454582
TXR0699,CZ01098,2024,1100000,99835
TXR0700,CZ01663,2023,7900000,723154
TXR0701,CZ01087,2023,1300000,117412
TXR0702,CZ02122,2023,15500000,1452753
TXR0703,CZ02811,2024,11500000,399601
TXR0704,CZ00472,2024,800000,72752
TXR0705,CZ02662,2024,13600000,1281695
TXR0706,CZ01681,2024,19500000,1202727
TXR0707,CZ01720,2023,4900000,204059
TXR0708,CZ00444,2023,10200000,399212
TXR0709,CZ02591,2023,7000000,684961
TXR0710,CZ02851,2023,15500000,1438912
TXR0711,CZ01481,2024,16400000,1601217
TXR0712,CZ02293,2024,9300000,885688
TXR0713,CZ01977,2023,19700000,799473
TXR0714,CZ01728,2024,16400000,1547290
TXR0715,CZ01323,2024,11200000,726788
TXR0716,CZ00579,2024,17700000,1667972
TXR0717,CZ02522,2023,8800000,780352
TXR0718,CZ02165,2024,15400000,1549474
TXR0719,CZ01859,2023,14800000,1313009
TXR0720,CZ01301,2023,11600000,1154547
TXR0721,CZ01578,2023,12300000,725945
TXR0722,CZ02184,2024,10200000,1043827
TXR0723,CZ00447,2024,4100000,378277
TXR0724,CZ00535,2023,800000,83057
TXR0725,CZ02644,2024,6200000,203373
TXR0726,CZ02983,2024,1200000,48314
TXR0727,CZ02054,2024,14900000,898453
TXR0728,CZ01774,2023,13800000,1233919
TXR0729,CZ00318,2023,19800000,1754467
TXR0730,CZ02147,2024,1700000,168933
TXR0731,CZ01720,2023,12100000,1256076
TXR0732,CZ00232,2024,16600000,1555126
TXR0733,CZ00476,2024,10900000,1074605
TXR0734,CZ02719,2024,13200000,1171409
TXR0735,CZ02752,2024,8700000,854265
TXR0736,CZ00277,2023,6500000,654614
TXR0737,CZ02258,2023,12200000,561478
TXR0738,CZ01712,2024,10600000,1034151
TXR0739,CZ02727,2024,6400000,645123
TXR0740,CZ02400,2023,18100000,1608961
TXR0741,CZ01842,2023,9300000,948467
TXR0742,CZ02747,2023,15700000,887921
TXR0743,CZ02316,2023,15400000,1462683
TXR0744,CZ01229,2024,14700000,1461477
TXR0745,CZ00373,2023,7300000,226949
TXR0746,CZ01885,2024,19000000,1868389
TXR0747,CZ01405,2023,4800000,472121
TXR0748,CZ02825,2024,2800000,281708
TXR0749,CZ02907,2024,9900000,943571
TXR0750,CZ00756,2023,5900000,588813
TXR0751,CZ02082,2023,10000000,972608
TXR0752,CZ02663,2024,8100000,794574
TXR0753,CZ02785,2024,14200000,1300860
TXR0754,CZ00812,2023,10800000,1104781
TXR0755,CZ02138,2023,17300000,1648382
TXR0756,CZ01017,2023,3700000,369335
TXR0757,CZ02126,2023,1200000,112384
TXR0758,CZ02066,2023,10500000,1029386
TXR0759,CZ01006,2023,12900000,1345280
TXR0760,CZ00363,2023,1200000,107329
TXR0761,CZ00791,2024,2300000,223650
TXR0762,CZ01601,2024,13500000,1236325
TXR0763,CZ02727,2023,15600000,1474478
TXR0764,CZ02753,2023,700000,62778
TXR0765,CZ01153,2023,20000000,2022739
TXR0766,CZ00238,2024,12100000,1208291
TXR0767,CZ01909,2023,2800000,126731
TXR0768,CZ01219,2023,14500000,1430302
TXR0769,CZ00521,2023,20000000,2029282
TXR0770,CZ00628,2023,14900000,779020
TXR0771,CZ01827,2023,3600000,345466
TXR0772,CZ00389,2024,15100000,1418959
TXR0773,CZ00086,2023,6100000,610159
TXR0774,CZ01248,2024,2300000,227041
TXR0775,CZ02168,2023,5200000,203157
TXR0776,CZ02904,2023,5300000,324335
TXR0777,CZ01277,2024,4700000,436626
TXR0778,CZ01951,2024,7300000,227759
TXR0779,CZ00695,2024,1900000,84006
TXR0780,CZ00039,2023,16600000,1602541
TXR0781,CZ01018,2023,15700000,1427871
TXR0782,CZ00527,2023,2400000,231860
TXR0783,CZ02064,2023,13100000,794843
TXR0784,CZ02763,2023,15000000,1399316
TXR0785,CZ00238,2024,13500000,1223357
TXR0786,CZ01771,2023,6200000,646583
TXR0787,CZ00910,2023,17700000,1762582
TXR0788,CZ00537,2023,7000000,412734
TXR0789,CZ02497,2024,17900000,1009505
TXR0790,CZ01299,2023,8600000,861329
TXR0791,CZ02886,2023,3300000,115654
TXR0792,CZ00797,2023,5000000,183354
TXR0793,CZ01824,2023,4100000,377580
TXR0794,CZ00587,2023,14500000,1286599
TXR0795,CZ00564,2023,7600000,339921
TXR0796,CZ00022,2024,5200000,495537
TXR0797,CZ00953,2024,17700000,1664047
TXR0798,CZ02396,2024,13600000,1230189
TXR0799,CZ00707,2024,4200000,402437
TXR0800,CZ02594,2024,15100000,455561
